id,net_revenue,funding_cost,expected_loss,operating_cost,capital_cost_rate,raroc,relationship_value_score,strategic_importance_score
EXP000001,1667079.18,702750.00,98385.00,117125.00,0.1200,0.4795,27,40
EXP000002,462751.52,282977.55,24635.69,49937.21,0.1200,0.0000,53,10
EXP000003,7326.98,20129.06,395.03,4830.98,0.1200,-0.5147,77,8
EXP000004,11959593.46,7229460.64,232375.52,165244.81,0.1200,1.8082,40,52
EXP000005,5245230.75,5922034.72,676.80,135360.79,0.1200,-11.2881,91,2
EXP000006,683775.12,679997.36,62899.76,56666.45,0.1200,-0.0350,97,28
EXP000007,3282670.81,1020519.42,141597.07,127564.93,0.1200,0.0000,15,47
EXP000008,538185.15,705486.15,50795.00,60470.24,0.1200,-0.2785,83,89
EXP000009,1410281.62,514388.43,205755.37,128597.11,0.1200,0.1878,87,81
EXP000010,10347374.86,5933127.79,30852.26,189860.09,0.1200,1.5233,71,94
EXP000011,1215516.51,1309017.78,7480.10,112201.52,0.1200,-0.4914,13,31
EXP000012,223536.06,253340.87,24812.50,22353.61,0.1200,-0.0621,17,72
EXP000013,178115.51,164313.20,6506.80,11830.55,0.1200,-0.0079,25,11
EXP000014,9794561.41,3857814.12,93230.51,171458.41,0.1200,2.2815,69,89
EXP000015,160076.99,104762.43,22628.68,7542.89,0.1200,0.0690,3,30
EXP000016,411128.08,395315.46,9487.57,12650.09,0.1200,0.0000,49,16
EXP000017,11810388.51,931990.33,491883.78,51777.24,0.1200,12.4750,78,35
EXP000018,33167.00,9983.38,3247.84,3327.79,0.1200,0.6884,15,59
EXP000019,466587.05,379205.02,3297.43,49461.52,0.1200,0.0913,30,28
EXP000020,5177961.88,2377635.56,108974.96,105672.69,0.1200,0.0000,18,10
EXP000021,18203317.08,1053229.53,7504260.42,131653.69,0.1200,0.4924,10,54
EXP000022,665348.13,732762.26,158276.65,43965.74,0.1200,-0.1163,55,29
EXP000023,97275.96,19254.28,26286.28,2511.43,0.1200,0.4022,66,67
EXP000024,100216.30,22921.14,21393.06,3820.19,0.1200,0.3345,45,5
EXP000025,25248008.32,1969082.10,1039237.78,87514.76,0.1200,0.0000,40,92
EXP000026,3262905.30,1052550.10,434176.91,105255.01,0.1200,0.2393,33,48
EXP000027,605597.30,172616.81,21289.41,43154.20,0.1200,0.0000,99,81
EXP000028,1505172.38,565618.01,52319.67,56561.80,0.1200,0.3302,14,53
EXP000029,188268.07,324600.11,2596.80,27822.87,0.1200,-0.3100,74,70
EXP000030,3050643.80,2676003.33,305.83,76457.24,0.1200,0.0000,2,30
EXP000031,736899.79,680831.32,400.49,40048.90,0.1200,0.0000,47,48
EXP000032,2025949.91,889441.42,326128.52,148240.24,0.1200,0.1609,69,70
EXP000033,2252213.85,1748613.23,12939.74,69944.53,0.1200,0.0000,29,8
EXP000034,2635391.62,1282082.41,70514.53,106840.20,0.1200,0.1898,30,82
EXP000035,882284.92,382936.16,101095.15,45952.34,0.1200,0.3411,23,96
EXP000036,650221.86,1497221.38,148866.58,128333.26,0.1200,-0.4294,26,59
EXP000037,2993624.68,2034502.21,313894.63,87192.95,0.1200,0.0829,22,26
EXP000038,284845.80,884004.20,15470.07,73667.02,0.1200,-0.7953,75,27
EXP000039,1189016.19,942832.22,9690.22,52379.57,0.1200,0.8520,23,57
EXP000040,2195347.38,2561238.60,8049.61,73178.25,0.1200,-0.5267,98,52
EXP000041,1623097.30,878299.40,6499.42,35131.98,0.1200,1.7254,90,25
EXP000042,1336268.67,530967.68,173228.21,79645.15,0.1200,0.1435,46,8
EXP000043,9946.08,7459.56,15097.32,2486.52,0.1200,-0.2752,52,53
EXP000044,466516.35,491069.84,6138.37,40922.49,0.1200,-0.0779,25,17
EXP000045,2148690.55,183648.76,795811.31,45912.19,0.1200,0.4850,31,87
EXP000046,387467.33,247741.26,34485.58,29728.95,0.1200,0.1314,30,55
EXP000047,264156.72,698345.35,121.45,24290.27,0.1200,-16.4045,81,85
EXP000048,3043677.95,134326.39,1280051.47,14222.79,0.1200,0.8733,86,12
EXP000049,1060824.12,827248.17,9732.33,145984.97,0.1200,0.0276,83,41
EXP000050,1743362.22,255958.56,639896.41,25595.86,0.1200,0.2946,65,31
EXP000051,883785.57,472051.64,23078.08,78675.27,0.1200,0.2374,94,36
EXP000052,515541.27,1718470.91,72666.77,147297.51,0.1200,-0.6662,30,90
EXP000053,4577883.65,1570842.43,1032267.88,134643.64,0.1200,0.3523,32,48
EXP000054,1323129.91,462453.17,169566.16,77075.53,0.1200,0.2389,81,24
EXP000055,635853.51,1870157.39,12022.44,80149.60,0.1200,-2.1401,25,82
EXP000056,1325144.56,839880.36,419940.18,139980.06,0.1200,-0.0184,24,100
EXP000057,1092961.90,227964.24,291287.64,37994.04,0.1200,0.4027,94,39
EXP000058,1881182.86,600002.04,430589.70,105882.71,0.1200,0.2425,3,86
EXP000059,916245.65,333180.23,14437.81,83295.06,0.1200,0.3014,61,88
EXP000060,2404056.73,1395389.48,358814.44,119604.81,0.1200,0.1876,51,55
EXP000061,1796226.21,1496855.17,52830.18,70440.24,0.1200,0.0000,2,33
EXP000062,448375.34,1171129.63,7528.69,60229.52,0.1200,-0.8912,86,89
EXP000063,332670.70,102360.21,24182.60,15354.03,0.1200,1.3978,48,35
EXP000064,1079785.67,270698.36,345892.35,45116.39,0.1200,0.2477,16,55
EXP000065,398920.35,404192.42,3954.06,26360.38,0.1200,-0.1727,44,29
EXP000066,10001404.59,1078950.78,3565228.65,140732.71,0.1200,0.6963,91,51
EXP000067,47030.69,31521.91,1866.10,3782.63,0.1200,0.1254,91,74
EXP000068,1421120.82,593507.53,296753.77,98917.92,0.1200,0.1746,87,30
EXP000069,2174402.77,2148619.34,143098.05,128917.16,0.1200,-0.0329,92,33
EXP000070,4663347.89,1142177.58,212118.69,26106.92,0.1200,0.0000,69,87
EXP000071,1161907.98,779121.97,6774.97,101624.60,0.1200,0.1397,95,42
EXP000072,1574064.42,552303.30,10355.69,69037.91,0.1200,0.6074,6,99
EXP000073,527335.54,491815.53,5464.62,81969.26,0.1200,-0.0328,79,58
EXP000074,666369.44,534929.60,38514.93,45851.11,0.1200,0.0404,55,91
EXP000075,1907796.19,610782.21,363774.70,64671.06,0.1200,0.1660,70,47
EXP000076,2616066.26,2278803.36,54691.28,72921.71,0.1200,0.1983,37,39
EXP000077,1359002.60,702932.38,8786.65,58577.70,0.1200,0.5273,88,82
EXP000078,13266.41,9816.58,4405.68,1682.84,0.1200,-0.1047,39,31
EXP000079,308392.26,395374.69,18808.54,16944.63,0.1200,-0.1287,95,52
EXP000080,5535493.33,733177.92,175657.21,48878.53,0.1200,6.0472,8,80
EXP000081,53688.20,23106.31,1196.09,5436.78,0.1200,0.2203,11,87
EXP000082,909156.40,98821.35,109.80,5490.07,0.1200,12.6362,70,95
EXP000083,784975.00,124106.72,173749.41,31026.68,0.1200,0.4672,53,70
EXP000084,1158690.81,1395282.13,13649.50,90996.66,0.1200,-0.1669,25,89
EXP000085,17577667.46,6421903.56,527513.51,146786.37,0.1200,0.0000,68,66
EXP000086,720395.47,345789.82,5763.16,86447.46,0.1200,0.4820,1,13
EXP000087,1925335.91,531127.15,398345.36,132781.79,0.1200,0.2747,5,20
EXP000088,683252.87,831471.75,18798.49,108452.84,0.1200,-0.2628,7,3
EXP000089,8994267.79,3470775.88,3503004.52,148747.54,0.1200,0.1189,47,45
EXP000090,3015898.24,1200708.90,276516.20,105944.90,0.1200,0.2946,64,8
EXP000091,2755790.84,939474.15,77506.62,117434.27,0.1200,0.4287,32,100
EXP000092,282033.61,642608.22,7140.09,107101.37,0.1200,-1.1466,98,20
EXP000093,367070.96,740581.76,18836.54,57958.57,0.1200,-0.1607,87,92
EXP000094,620731.70,772054.35,77823.08,92646.52,0.1200,-0.1366,63,71
EXP000095,2651944.94,2447949.18,4079.92,163196.61,0.1200,0.2139,34,74
EXP000096,461110.35,212110.76,44266.59,27666.62,0.1200,0.2072,82,59
EXP000097,1121272.83,1004724.76,113935.79,72340.18,0.1200,-0.0295,97,97
EXP000098,469281.67,214938.17,3761.42,21493.82,0.1200,0.6616,36,33
EXP000099,12676115.66,2368405.04,808346.94,82379.31,0.1200,2.6452,4,71
EXP000100,658419.79,764831.07,83798.88,99760.57,0.1200,-0.1143,73,65
EXP000101,322445.05,503820.39,4534.38,36275.07,0.1200,-0.3271,55,99
EXP000102,4826679.75,7784967.33,4448.55,177942.11,0.1200,-4.5839,94,96
EXP000103,175939.35,103493.73,7589.54,25873.43,0.1200,0.1559,7,89
EXP000104,483058.63,832859.71,4759.20,71387.97,0.1200,-1.5431,6,18
EXP000105,560089.29,401310.08,115158.54,52344.79,0.1200,-0.0079,82,20
EXP000106,2058282.45,937951.50,204004.45,78162.62,0.1200,0.2336,27,67
EXP000107,2384235.50,1696294.03,267166.31,141357.84,0.1200,0.0276,84,17
EXP000108,190166.91,583845.77,3336.26,50043.92,0.1200,-0.4621,55,42
EXP000109,34696635.27,4324107.09,691.86,138371.43,0.1200,0.0000,93,25
EXP000110,720419.36,697180.03,16848.52,30985.78,0.1200,0.0000,71,28
EXP000111,630448.37,402071.67,3216.57,48248.60,0.1200,0.1897,4,25
EXP000112,424880.65,478161.50,3073.90,20492.64,0.1200,-0.1987,96,87
EXP000113,218829.97,152082.60,1689.81,25347.10,0.1200,0.4052,85,77
EXP000114,9440.33,5343.58,71.87,2671.79,0.1200,0.0699,65,49
EXP000115,46613.05,17570.33,1303.65,6201.29,0.1200,0.4790,27,54
EXP000116,675909.60,393509.02,462.95,18518.07,0.1200,3.5211,48,45
EXP000117,109539.53,270904.22,2650.15,17667.67,0.1200,-0.5932,65,4
EXP000118,836828.95,2048182.74,229103.87,105335.11,0.1200,-0.3836,54,42
EXP000119,615263.91,264313.85,57488.26,26431.39,0.1200,0.2151,63,98
EXP000120,3174200.15,1051968.35,558000.60,137213.26,0.1200,0.2833,81,24
EXP000121,1947556.29,2748567.35,17669.36,117795.74,0.1200,-1.0172,59,64
EXP000122,1312562.66,650623.73,71285.73,84863.97,0.1200,0.2896,69,89
EXP000123,4114425.56,3274456.33,2847.35,113894.13,0.1200,0.0000,87,45
EXP000124,937753.52,378465.54,73170.01,63077.59,0.1200,0.2637,4,79
EXP000125,206826.63,297164.70,10460.20,35659.76,0.1200,-0.1979,5,14
EXP000126,3427643.21,1272269.32,13845.28,74839.37,0.1200,0.0000,6,32
EXP000127,406075.54,294732.25,327.48,16374.01,0.1200,0.0000,50,47
EXP000128,119456.59,633481.90,10588.20,32579.07,0.1200,-1.0232,42,16
EXP000129,518330.68,256151.79,58990.25,27121.95,0.1200,0.1343,52,14
EXP000130,2034067.04,2780951.03,25028.56,79455.74,0.1200,-0.9237,2,96
EXP000131,5827979.10,1575129.49,1294345.53,102725.84,0.1200,0.0000,86,63
EXP000132,410143.03,125502.76,115462.54,15060.33,0.1200,0.2309,29,63
EXP000133,547716.15,547716.15,7249.18,48327.90,0.1200,-0.0960,44,57
EXP000134,1268737.48,1856688.99,1237.79,123779.27,0.1200,-9.6040,73,95
EXP000135,923519.35,265199.81,140399.90,46799.97,0.1200,0.3656,14,38
EXP000136,1204652.96,553863.43,116311.32,138465.86,0.1200,0.1851,16,63
EXP000137,1243941.06,475391.49,8913.59,59423.94,0.1200,0.2032,82,62
EXP000138,1723281.12,1339036.01,1164.38,46575.17,0.1200,4.6645,81,12
EXP000139,2007711.33,1136440.38,370763.67,142055.05,0.1200,0.0318,62,28
EXP000140,115476.69,97183.36,2972.67,17150.00,0.1200,-0.0055,35,7
EXP000141,2618226.75,1272012.99,87450.89,84800.87,0.1200,0.0000,30,57
EXP000142,279468.71,573908.96,41546.02,37428.85,0.1200,-0.2434,75,29
EXP000143,1240181.54,349346.91,399565.53,52402.04,0.1200,0.1341,23,9
EXP000144,427670.98,242077.91,2689.75,40346.32,0.1200,0.4422,50,37
EXP000145,16831.96,27072.39,12066.11,7062.36,0.1200,-0.3693,90,16
EXP000146,578606.93,1112705.63,8901.65,133524.68,0.1200,-0.2621,90,37
EXP000147,767168.42,1811369.89,2131.02,106551.17,0.1200,0.0000,71,77
EXP000148,13606470.02,1200470.00,4939076.59,102897.43,0.1200,1.2835,5,46
EXP000149,2233665.18,1109596.10,260513.87,72364.96,0.1200,0.1258,63,6
EXP000150,1259973.72,581526.33,53791.19,58152.63,0.1200,0.3984,56,97
EXP000151,665179.29,21803.44,233122.36,5232.83,0.1200,5.6948,10,95
EXP000152,964051.35,1785280.28,22494.53,107116.82,0.1200,-0.3819,40,43
EXP000153,904993.69,831116.66,116356.33,138519.44,0.1200,-0.0549,87,36
EXP000154,2954233.36,501086.78,1274503.33,39215.49,0.1200,0.2683,94,93
EXP000155,1287399.55,385256.72,16694.46,96314.18,0.1200,0.8461,41,39
EXP000156,73517.31,140426.33,2312.90,24781.12,0.1200,-0.1962,20,24
EXP000157,2469259.00,1014763.97,83718.03,126845.50,0.1200,0.1691,9,61
EXP000158,660448.11,500339.47,180122.21,60040.74,0.1200,-0.0564,94,55
EXP000159,943567.31,1380830.21,4027.42,92055.35,0.1200,0.0000,90,52
EXP000160,1662241.03,608782.54,500260.44,39703.21,0.1200,0.1570,30,71
EXP000161,547337.83,221541.50,4821.79,13031.85,0.1200,1.8958,18,4
EXP000162,27806.27,31977.22,389.29,5561.25,0.1200,-0.0910,95,63
EXP000163,36592.29,14953.58,166.38,5277.73,0.1200,0.4232,93,44
EXP000164,128040.27,74106.91,14327.34,12351.15,0.1200,0.0817,86,99
EXP000165,891064.11,351735.83,5862.26,87933.96,0.1200,0.2621,81,63
EXP000166,1020040.08,796906.31,80328.16,95628.76,0.1200,0.0236,2,92
EXP000167,8983114.96,601440.48,866074.29,19246.10,0.1200,19.4750,45,82
EXP000168,905293.02,796912.87,6375.30,95629.54,0.1200,0.0034,72,96
EXP000169,616842.96,1233685.92,11103.17,88825.39,0.1200,-0.8597,77,28
EXP000170,838764.94,459323.66,5591.77,59911.78,0.1200,0.2710,34,73
EXP000171,1789782.31,1286291.18,242557.77,110253.53,0.1200,0.0572,85,35
EXP000172,5374678.78,245543.70,1964349.61,40923.95,0.1200,1.3759,55,79
EXP000173,603259.35,679166.15,59127.41,119852.85,0.1200,-0.1467,75,17
EXP000174,2310072.07,1850172.14,11893.96,95151.71,0.1200,0.0767,65,67
EXP000175,20389.88,12420.23,239.60,6210.12,0.1200,0.0338,34,11
EXP000176,2257781.07,821011.30,21551.55,54734.09,0.1200,0.0000,53,12
EXP000177,3823439.87,520042.09,146968.42,18088.42,0.1200,8.6750,86,32
EXP000178,1067878.11,919895.00,11198.72,119986.30,0.1200,0.0145,58,22
EXP000179,127187.28,378533.57,3028.27,45424.03,0.1200,0.0000,63,53
EXP000180,903038.96,314100.51,7329.01,78525.13,0.1200,0.3314,24,77
EXP000181,2271629.67,728865.14,680274.13,121477.52,0.1200,0.2037,99,23
EXP000182,2938269.41,918209.19,844752.45,110185.10,0.1200,0.2827,25,6
EXP000183,7613753.48,4378516.38,8513.78,194600.73,0.1200,0.0000,19,30
EXP000184,3707570.26,1156489.81,103743.94,68028.81,0.1200,0.0000,38,59
EXP000185,1011500.39,980136.04,32344.49,31364.35,0.1200,0.0000,15,96
EXP000186,535975.44,407069.95,6784.50,101767.49,0.1200,0.0103,99,42
EXP000187,1092932.17,1282522.45,7249.04,55761.85,0.1200,-0.3905,92,23
EXP000188,315735.20,323120.82,2584.97,27696.07,0.1200,-0.0703,20,81
EXP000189,436809.56,200065.45,444.59,11114.75,0.1200,0.6986,30,62
EXP000190,1399524.66,1045288.13,464.57,58071.56,0.1200,0.4390,31,14
EXP000191,330523.47,248432.68,15986.10,32404.26,0.1200,0.0538,58,82
EXP000192,1061441.07,1821099.88,16389.90,78047.14,0.1200,-0.1887,39,72
EXP000193,1083628.95,1074287.33,3269.57,37366.52,0.1200,-0.0578,13,93
EXP000194,153379.51,46013.85,766.90,11503.46,0.1200,0.4276,13,99
EXP000195,1942282.77,813048.60,9033.87,135508.10,0.1200,0.3759,79,21
EXP000196,101282.98,60168.10,1403.92,15042.03,0.1200,0.1697,32,50
EXP000197,1392744.61,532259.09,43763.52,88709.85,0.1200,0.5337,10,98
EXP000198,552215.17,388276.29,31924.94,64712.72,0.1200,0.0538,66,3
EXP000199,1646675.85,1122733.53,21051.25,140341.69,0.1200,0.1150,41,73
EXP000200,1341710.25,508437.57,41804.87,84739.59,0.1200,0.4012,90,27
EXP000201,4724387.16,2090436.80,1128835.87,89590.15,0.1200,0.1918,6,22
EXP000202,662149.17,177758.17,962.86,14813.18,0.1200,0.0000,88,25
EXP000203,4723479.58,2891926.27,3213.25,128530.06,0.1200,10.8060,16,60
EXP000204,1095206.06,359083.95,95755.72,59847.33,0.1200,0.4427,90,32
EXP000205,3740120.60,1056862.96,594485.42,88071.91,0.1200,0.2664,81,77
EXP000206,592518.85,890714.61,16846.12,38726.72,0.1200,-0.7875,84,57
EXP000207,789842.20,585068.29,169669.81,146267.07,0.1200,-0.0365,69,72
EXP000208,2947441.94,1067577.40,469966.14,83549.54,0.1200,1.7859,83,26
EXP000209,711353.83,148715.09,111536.32,37178.77,0.1200,0.3937,93,85
EXP000210,846774.22,553660.07,7327.85,48852.36,0.1200,0.2158,37,63
EXP000211,4401.02,19302.73,140.25,4632.66,0.1200,-0.5858,31,63
EXP000212,751453.20,386461.65,31775.74,64410.27,0.1200,0.2878,57,59
EXP000213,207987.32,116992.87,25445.95,11699.29,0.1200,0.1203,19,34
EXP000214,4202137.49,351643.30,1318662.39,43955.41,0.1200,0.4750,23,33
EXP000215,3905338.03,2465491.18,986.20,78895.72,0.1200,0.0000,24,85
EXP000216,11329292.75,4516009.24,161987.29,157078.58,0.1200,4.1598,61,86
EXP000217,814360.48,517411.35,202465.31,67488.44,0.1200,0.0125,51,48
EXP000218,8455.23,13036.69,163.23,2234.86,0.1200,-0.4308,13,64
EXP000219,394817.00,214437.35,60547.02,37841.89,0.1200,0.0701,43,29
EXP000220,2172942.45,893479.62,321652.66,107217.55,0.1200,0.2625,69,54
EXP000221,2482509.18,1175925.40,185208.25,97993.78,0.1200,0.1832,32,16
EXP000222,13078729.66,1136457.32,4261714.95,142057.16,0.1200,0.3762,5,97
EXP000223,646975.08,2096678.50,2096.68,47924.08,0.1200,0.0000,90,40
EXP000224,130074.08,48274.92,27154.64,4827.49,0.1200,0.1498,95,16
EXP000225,848191.17,538534.08,1570.72,44877.84,0.1200,0.5056,59,9
EXP000226,927081.61,261630.39,191103.94,34125.70,0.1200,0.3166,67,47
EXP000227,5984454.67,6444797.33,1841.37,147309.65,0.1200,-6.7614,2,43
EXP000228,1033622.15,585069.14,81909.68,97511.52,0.1200,0.1393,69,100
EXP000229,241758.56,684982.58,9065.95,60439.64,0.1200,-1.0970,19,45
EXP000230,854819.68,566731.28,9445.52,141682.82,0.1200,0.2500,54,91
EXP000231,5904741.57,1031782.10,2520496.28,53063.08,0.1200,0.3344,26,98
EXP000232,4361.80,2419.38,512.32,414.75,0.1200,0.3377,42,64
EXP000233,481131.45,868020.66,248.01,24800.59,0.1200,-13.8118,37,64
EXP000234,2192523.62,5185022.07,19258.65,118514.79,0.1200,-1.8216,18,15
EXP000235,491474.33,107308.81,151627.34,6438.53,0.1200,0.3319,96,44
EXP000236,1772496.74,1286038.65,301939.51,83872.09,0.1200,0.0000,40,40
EXP000237,2619188.64,1240284.31,291.83,72957.90,0.1200,1.5428,72,90
EXP000238,2637700.38,2010442.36,79613.52,120626.54,0.1200,0.1436,10,52
EXP000239,1427732.86,780432.76,115687.68,137723.43,0.1200,0.1236,55,86
EXP000240,1727793.53,793851.08,186.79,37357.70,0.1200,0.0000,31,72
EXP000241,508035.34,250537.98,48437.34,41756.33,0.1200,0.2072,47,49
EXP000242,434354.59,131388.40,57385.82,13911.71,0.1200,0.2184,52,73
EXP000243,719714.80,1224004.75,5385.62,48960.19,0.1200,0.0000,30,82
EXP000244,1593283.43,907336.81,18872.61,108880.42,0.1200,0.2652,91,24
EXP000245,1566047.31,185654.14,567883.27,32762.50,0.1200,0.5012,47,82
EXP000246,34645681.26,5663473.13,2462379.62,196990.37,0.1200,6.6812,53,93
EXP000247,1739100.03,1040131.59,8321.05,124815.79,0.1200,0.2345,41,13
EXP000248,7128192.71,2878367.60,31323.41,135452.59,0.1200,2.0789,64,87
EXP000249,1548168.75,679683.84,6985.64,30208.17,0.1200,0.0000,43,42
EXP000250,401717.18,1255366.19,29375.57,75321.97,0.1200,-0.3697,36,60
EXP000251,251921.33,864804.56,19552.10,112800.59,0.1200,-0.3417,83,88
EXP000252,675392.69,1099476.47,79162.31,94240.84,0.1200,-0.3155,16,34
EXP000253,138280.37,66956.81,11397.21,4366.75,0.1200,0.2194,81,64
EXP000254,1874146.77,759789.23,844.21,33768.41,0.1200,21.6986,60,80
EXP000255,605741.30,517920.07,6305.11,67554.79,0.1200,0.0107,37,97
EXP000256,73796.28,34090.68,5685.12,3609.60,0.1200,0.1415,98,46
EXP000257,1426212.19,1055336.71,85482.27,54274.46,0.1200,0.0715,30,99
EXP000258,3290838.80,2564289.98,3846434.96,170952.67,0.1200,0.0000,18,54
EXP000259,1677130.73,1020152.51,367254.91,122418.30,0.1200,0.0578,81,31
EXP000260,1586608.31,466649.50,38498.58,58331.19,0.1200,0.3758,24,73
EXP000261,321418.04,91833.72,7994.94,16205.95,0.1200,0.6555,52,78
EXP000262,11151.47,13275.56,62.55,2275.81,0.1200,-0.2705,17,69
EXP000263,1784219.34,624823.89,312411.95,104137.32,0.1200,0.2111,81,37
EXP000264,14118159.02,5882566.26,194124.69,188242.12,0.1200,2.8772,33,42
EXP000265,2118700.43,2429083.30,4723.22,107959.26,0.1200,0.0000,19,36
EXP000266,1467388.47,874350.64,8553.43,68427.44,0.1200,1.1703,10,83
EXP000267,2052279.69,1747683.44,329563.16,149801.44,0.1200,-0.2188,76,3
EXP000268,1404884.69,754961.40,3610.68,32824.41,0.1200,0.0000,77,62
EXP000269,1816585.38,1438472.59,8219.84,123297.65,0.1200,0.1034,60,58
EXP000270,618637.02,589980.80,3792.73,25284.89,0.1200,-0.0012,98,12
EXP000271,202385.03,116628.66,1372.10,20581.53,0.1200,0.7664,99,77
EXP000272,462305.96,1526481.96,8722.75,130841.31,0.1200,-1.1515,99,26
EXP000273,1516516.63,463058.51,998469.92,57882.31,0.1200,0.0000,15,97
EXP000274,49741.34,17054.17,59675.40,5684.72,0.1200,-0.5961,17,18
EXP000275,299577.79,32981.04,109936.80,10993.68,0.1200,0.6625,37,57
EXP000276,168753.07,441059.16,9971.77,57529.46,0.1200,-0.3055,47,78
EXP000277,23169.69,13924.10,3241.28,3341.78,0.1200,0.1099,77,87
EXP000278,192654.64,79354.32,11109.60,13225.72,0.1200,0.0000,15,19
EXP000279,26395.83,15890.47,207.20,5296.82,0.1200,0.1302,86,26
EXP000280,999480.18,601693.75,7521.17,50141.15,0.1200,0.6359,53,32
EXP000281,1718894.41,1104317.64,24967.18,144041.43,0.1200,0.3200,22,91
EXP000282,2916365.75,612833.35,605623.54,108147.06,0.1200,0.5005,92,99
EXP000283,188787.90,181720.97,2019.12,30286.83,0.1200,-0.0431,39,31
EXP000284,772402.21,746797.72,102417.97,64011.23,0.1200,-0.4125,27,22
EXP000285,2128288.63,1700687.26,233237.11,145773.19,0.1200,0.0000,26,19
EXP000286,1059853.90,1238147.08,172350.07,148577.65,0.1200,-0.1332,7,72
EXP000287,4620691.59,2868015.47,100380.54,127467.35,0.1200,0.3300,20,15
EXP000288,1531586.31,1030014.19,14106.72,44783.23,0.1200,0.0000,37,99
EXP000289,3096426.78,1393392.05,574774.22,116116.00,0.1200,0.1152,87,56
EXP000290,6330154.10,3221934.72,758.10,151620.46,0.1200,43.7421,47,97
EXP000291,640225.10,437653.87,60021.10,37513.19,0.1200,0.1184,5,37
EXP000292,1754475.34,497931.23,492073.22,87870.22,0.1200,0.2629,37,68
EXP000293,627619.10,554433.83,77177.19,66532.06,0.1200,-0.0548,23,17
EXP000294,323024.25,578043.39,1190.09,27202.04,0.1200,-0.7185,90,89
EXP000295,524831.81,197392.50,117564.65,17416.98,0.1200,0.1662,12,63
EXP000296,693437.77,705190.96,7835.46,117531.83,0.1200,-0.3017,23,23
EXP000297,12686545.75,288185.04,4803083.95,48030.84,0.1200,5.3919,40,52
EXP000298,1372959.65,2434325.61,389.49,77898.42,0.1200,-11.3083,69,46
EXP000299,303447.44,956067.28,11639.08,124704.43,0.1200,0.0000,30,41
EXP000300,3049172.38,1024931.89,26904.46,68328.79,0.1200,1.9470,61,8
EXP000301,1475380.20,389968.34,16898.63,97492.08,0.1200,1.0303,71,8
EXP000302,161935.15,383530.62,85.23,21307.26,0.1200,0.0000,58,93
EXP000303,1176990.28,1560403.78,12483.23,133748.90,0.1200,-0.2048,88,51
EXP000304,35722.97,18458.68,217.16,3257.41,0.1200,0.2190,100,28
EXP000305,7448077.64,4574986.27,159209.52,146399.56,0.1200,0.4838,93,13
EXP000306,1367469.82,926470.07,177882.25,111176.41,0.1200,0.0664,13,93
EXP000307,220360.55,133728.04,3401.34,8721.39,0.1200,0.3494,93,61
EXP000308,1755887.89,1588012.31,9074.36,136115.34,0.1200,0.0234,64,69
EXP000309,711657.71,2930355.27,18838.00,125586.65,0.1200,-2.1406,69,10
EXP000310,1855311.95,2144330.39,20977.15,139847.63,0.1200,-0.1431,38,2
EXP000311,600001.31,724139.51,4137.94,62069.10,0.1200,0.0000,82,46
EXP000312,3524808.52,4236548.71,147431.90,135569.56,0.1200,-0.2024,18,33
EXP000313,10266208.45,1450752.65,3014578.66,128007.59,0.1200,0.3233,59,17
EXP000314,177258.07,138916.98,5501.11,10002.02,0.1200,0.0472,82,8
EXP000315,36144.21,22204.64,513.49,7401.55,0.1200,0.1123,28,6
EXP000316,322048.45,1083816.91,6193.24,92898.59,0.1200,-2.3966,95,63
EXP000317,52694.38,52246.55,365.83,8956.55,0.1200,-0.1367,6,30
EXP000318,214068.63,753762.78,8442.14,90451.53,0.1200,-0.3652,45,31
EXP000319,267117.24,196989.12,4097.37,23638.69,0.1200,0.1855,43,32
EXP000320,3344900.53,1528127.14,19101.59,127343.93,0.1200,0.2261,13,68
EXP000321,138434.67,151019.64,12417.17,25169.94,0.1200,-0.1375,26,86
EXP000322,21356.99,6073.08,607.08,3036.54,0.1200,0.5287,11,81
EXP000323,8777.15,35720.96,185.70,6123.59,0.1200,-0.7490,17,82
EXP000324,95155.97,55974.10,8297.34,9877.78,0.1200,0.0927,50,60
EXP000325,9479746.30,1667794.92,333558.98,53369.44,0.1200,6.9563,92,91
EXP000326,1752374.70,1432229.32,49285.54,126373.18,0.1200,0.0314,74,60
EXP000327,3109.55,3379.95,222.98,579.42,0.1200,-0.2554,46,95
EXP000328,870493.03,677954.08,1898.27,21694.53,0.1200,0.5371,2,30
EXP000329,385514.50,1110804.49,1306.83,52273.15,0.1200,0.0000,73,13
EXP000330,41980.50,63720.40,45728.76,11244.78,0.1200,-0.2162,31,99
EXP000331,1252680.79,697483.74,6277.35,50218.83,0.1200,1.0406,63,29
EXP000332,3076632.05,1864625.48,1010005.47,124308.37,0.1200,0.0000,60,17
EXP000333,31151.37,13899.56,138.51,4905.73,0.1200,0.3432,35,82
EXP000334,1687889.93,2588097.90,48948.81,90020.80,0.1200,-1.2548,54,7
EXP000335,337116.05,290912.33,15058.99,51337.47,0.1200,-0.0203,1,93
EXP000336,411864.45,372540.71,4656.76,31045.06,0.1200,0.0102,67,44
EXP000337,15246.59,31025.03,780.06,2659.29,0.1200,-0.5461,54,12
EXP000338,1729874.00,1204647.63,487882.29,72278.86,0.1200,0.0000,60,56
EXP000339,566433.72,288833.06,86649.92,24069.42,0.1200,0.1035,40,24
EXP000340,646037.44,811604.83,54052.88,48696.29,0.1200,-0.1532,63,98
EXP000341,1172.13,901.63,9.04,318.22,0.1200,-0.0246,44,56
EXP000342,2006849.77,853978.63,134501.63,71164.89,0.1200,0.3389,89,17
EXP000343,2212160.03,445577.26,440335.17,78631.28,0.1200,0.3894,47,26
EXP000344,602743.84,245135.05,11896.26,11535.77,0.1200,0.0000,19,45
EXP000345,4954.69,8369.40,75.32,602.60,0.1200,-0.6539,75,41
EXP000346,10600972.45,3500981.66,4901.37,112031.41,0.1200,0.0000,6,99
EXP000347,907087.12,1058268.30,6047.25,90708.71,0.1200,-0.3888,66,76
EXP000348,1459687.80,1163760.20,83790.73,99750.87,0.1200,0.0575,7,89
EXP000349,1452046.57,2904093.13,18669.17,124461.13,0.1200,-0.2210,63,24
EXP000350,58609.56,70492.60,1047.32,6042.22,0.1200,-0.1624,36,74
EXP000351,6477667.90,543074.16,2292979.79,90512.36,0.1200,0.7519,9,38
EXP000352,4505151.91,1433174.19,130855.03,49849.54,0.1200,4.0000,52,80
EXP000353,332441.86,712375.41,1121991.27,89046.93,0.1200,-0.2038,52,29
EXP000354,407176.37,174920.63,133376.98,17492.06,0.1200,0.0662,33,29
EXP000355,4072102.29,418725.17,1395750.57,104681.29,0.1200,0.4758,67,67
EXP000356,308515.83,655596.14,33936.74,115693.44,0.1200,-0.4441,52,36
EXP000357,2551064.65,1171407.24,20499.63,65078.18,0.1200,0.0000,73,57
EXP000358,5495.49,3879.17,318.95,646.53,0.1200,0.0521,60,54
EXP000359,1820029.93,1761319.29,57242.88,146776.61,0.1200,-0.0310,88,26
EXP000360,270984.44,492698.99,24019.08,61587.37,0.1200,-0.1730,60,81
EXP000361,53868.72,26822.60,8.94,2235.22,0.1200,47.6717,96,11
EXP000362,596655.80,950088.85,132252.37,114010.66,0.1200,-0.2721,69,29
EXP000363,2309704.91,1188438.77,58130.16,41337.00,0.1200,1.4804,18,9
EXP000364,226.06,207.08,2.94,103.54,0.1200,-0.1166,13,100
EXP000365,2017113.29,868124.71,700883.04,91919.09,0.1200,0.0631,90,6
EXP000366,3274348.08,1814698.93,17752.49,118349.93,0.1200,0.1928,96,52
EXP000367,3679386.56,880704.23,1125344.30,146784.04,0.1200,0.0000,24,64
EXP000368,2967932.81,895034.02,601462.86,107404.08,0.1200,0.3116,10,17
EXP000369,3807441.78,2089449.75,4062.82,92864.43,0.1200,10.8974,37,62
EXP000370,1625803.74,1955434.05,558.70,44695.64,0.1200,-7.9470,20,25
EXP000371,373596.60,165308.23,79347.95,14169.28,0.1200,0.2515,77,70
EXP000372,129497.55,31708.51,44804.12,2283.01,0.1200,0.2519,43,67
EXP000373,2851956.79,6699227.35,60293.05,153125.20,0.1200,0.0000,25,56
EXP000374,2000848.71,108791.05,775136.22,13598.88,0.1200,0.4931,74,78
EXP000375,49218.54,108040.70,1200.45,18006.78,0.1200,-1.1207,42,1
EXP000376,2968848.20,1228246.89,1101912.93,105278.31,0.1200,0.1273,15,22
EXP000377,5297203.29,1190382.76,1361500.28,148797.85,0.1200,0.1899,81,2
EXP000378,2079282.44,1086897.64,311892.37,141769.26,0.1200,0.1139,72,83
EXP000379,1617919.71,2274184.33,108186.20,97465.04,0.1200,-0.1525,12,88
EXP000380,2471455.32,1499669.49,18895.84,47989.42,0.1200,0.0000,48,55
EXP000381,3800017.21,4360675.49,1245.91,99672.58,0.1200,-6.9401,35,78
EXP000382,4724835.92,1094725.65,1751561.04,131367.08,0.1200,0.2751,27,32
EXP000383,1237868.44,982435.27,11003.28,117892.23,0.1200,0.0555,100,16
EXP000384,195368.62,116535.67,1542.38,12339.07,0.1200,0.3559,87,7
EXP000385,1323609.94,1759712.63,75744.15,114763.87,0.1200,-0.2475,5,39
EXP000386,7171346.70,4594456.10,21973.49,159807.17,0.1200,0.0000,84,14
EXP000387,426517.84,421698.43,2710.92,18072.79,0.1200,-0.0152,61,100
EXP000388,624925.66,269752.08,1461.16,22479.34,0.1200,0.0000,57,82
EXP000389,112661.43,63770.62,2763.39,15942.66,0.1200,0.0979,74,49
EXP000390,851047.20,799326.10,9403.84,141057.55,0.1200,-0.0362,78,36
EXP000391,4862623.67,4602483.31,800.43,160086.38,0.1200,0.7474,61,62
EXP000392,201464.50,533288.39,8295.60,88881.40,0.1200,-1.2483,91,18
EXP000393,292240.09,156721.81,82970.37,27656.79,0.1200,0.0381,14,7
EXP000394,809266.67,490464.65,147139.40,40872.05,0.1200,0.0000,99,44
EXP000395,968416.84,731692.73,37875.86,129122.25,0.1200,0.0000,88,58
EXP000396,1583513.41,1753891.43,501.11,40088.95,0.1200,0.0000,40,33
EXP000397,621165.61,390319.50,153061.00,16727.98,0.1200,0.0472,91,79
EXP000398,659231.01,287357.11,3380.67,50710.08,0.1200,0.7843,98,68
EXP000399,63663.31,89847.41,513.41,7701.21,0.1200,-0.2310,21,68
EXP000400,1802.88,1060.52,10.08,353.51,0.1200,0.1478,2,55
EXP000401,165630.45,140364.79,4940.84,16843.77,0.1200,0.0214,32,67
EXP000402,1672554.33,1303289.09,71680.90,108607.42,0.1200,0.0817,44,67
EXP000403,2374554.23,372641.47,72044.02,62106.91,0.1200,0.0000,55,6
EXP000404,2028832.45,191248.93,717183.50,23906.12,0.1200,0.3099,32,23
EXP000405,1541042.25,1844909.73,3798.34,86819.28,0.1200,-0.3134,10,70
EXP000406,1999638.63,3083143.26,9689.88,88089.81,0.1200,0.0000,72,2
EXP000407,16144174.58,2957711.37,751751.64,197180.76,0.1200,1.7121,24,51
EXP000408,1083788.45,624740.21,106341.65,40743.93,0.1200,0.0000,28,69
EXP000409,803932.37,200426.35,187064.60,33404.39,0.1200,0.3916,38,86
EXP000410,3083446.95,1345504.12,448.50,89700.27,0.1200,0.0000,59,26
EXP000411,3333003.43,3535003.64,31815.03,101000.10,0.1200,0.0000,90,100
EXP000412,1031832.02,1683130.25,4756.67,73179.58,0.1200,-0.8591,46,45
EXP000413,8297559.40,1480238.55,2904968.15,123353.21,0.1200,0.2241,59,33
EXP000414,10571.05,6155.30,47.64,1605.73,0.1200,0.2373,91,90
EXP000415,91731.17,84046.89,540.30,3602.01,0.1200,0.0438,17,61
EXP000416,4812862.27,1461047.48,464097.43,128915.95,0.1200,0.4057,69,91
EXP000417,909383.07,414174.47,70499.70,32413.65,0.1200,0.2969,70,49
EXP000418,2437172.36,1721166.92,40275.31,103270.02,0.1200,0.0000,11,29
EXP000419,10312888.33,311649.50,508124.18,13549.98,0.1200,0.0000,69,92
EXP000420,442275.62,837643.23,6701.15,100517.19,0.1200,-0.2586,86,72
EXP000421,29089.23,10863.20,157.96,3621.07,0.1200,0.5503,82,32
EXP000422,213084.51,295950.70,21308.45,25367.20,0.1200,-0.3522,65,55
EXP000423,4211907.50,3225749.72,261285.73,138246.42,0.1200,0.0593,57,26
EXP000424,3394869.16,1629537.20,85550.70,108635.81,0.1200,0.9974,78,78
EXP000425,4089530.82,247350.65,346290.92,61837.66,0.1200,1.5081,63,33
EXP000426,974386.76,544887.33,10096.44,57693.95,0.1200,0.2989,6,93
EXP000427,705658.41,614685.03,36389.35,73762.20,0.1200,-0.0125,13,84
EXP000428,1630077.27,968362.73,12104.53,80696.89,0.1200,0.3137,26,55
EXP000429,2784928.47,1131573.64,636510.18,94297.80,0.1200,0.1472,78,76
EXP000430,1042093.76,431211.21,292265.38,71868.54,0.1200,0.0905,28,40
EXP000431,1039185.54,510835.59,245201.08,43785.91,0.1200,0.1722,37,80
EXP000432,717361.45,985386.60,58334.89,118246.39,0.1200,-0.1945,16,97
EXP000433,283915.17,309480.99,3027.53,20183.54,0.1200,-0.2563,53,26
EXP000434,190953.50,367218.27,15528.09,31475.85,0.1200,-0.3669,48,96
EXP000435,3185765.77,3149768.41,20248.51,134990.07,0.1200,-0.0616,89,98
EXP000436,374140.77,173124.26,302005.66,28854.04,0.1200,-0.1196,88,13
EXP000437,756167.31,460609.53,96728.00,115152.38,0.1200,0.0376,3,51
EXP000438,1687591.81,754975.28,213169.49,133230.93,0.1200,0.1438,10,64
EXP000439,5344713.64,4390300.49,114529.58,152706.10,0.1200,0.0000,65,40
EXP000440,234406.06,321363.15,3780.74,56711.14,0.1200,-0.1345,22,91
EXP000441,14362867.36,1218052.36,507521.81,101504.36,0.1200,0.0000,57,34
EXP000442,462203.20,1434423.71,132684.19,119535.31,0.1200,-0.1752,22,62
EXP000443,220813.66,118293.03,946344.24,19715.51,0.1200,-0.7793,8,82
EXP000444,108184.74,63200.71,9368.58,11153.07,0.1200,0.1134,14,44
EXP000445,17562845.45,5473515.52,684189.44,190383.15,0.1200,3.3594,73,27
EXP000446,8298920.38,4255856.61,141861.89,189149.18,0.1200,1.3534,52,73
EXP000447,733443.62,246535.67,58244.05,30816.96,0.1200,0.2226,52,99
EXP000448,235106.13,148051.72,53298.62,17766.21,0.1200,0.0333,34,21
EXP000449,2362534.71,928669.30,334320.95,111440.32,0.1200,0.2603,8,52
EXP000450,924503.69,2005998.56,86345.16,130825.99,0.1200,-0.3058,36,59
EXP000451,2069734.84,1528285.22,532716.56,130995.88,0.1200,-0.1750,97,85
EXP000452,1598917.19,635331.33,169421.69,105888.56,0.1200,0.2104,44,36
EXP000453,1230994.91,502446.90,5582.74,83741.15,0.1200,1.9741,61,25
EXP000454,2686277.66,1533111.32,38994.35,99985.52,0.1200,0.2787,40,96
EXP000455,1093332.26,1779843.21,1779.84,50852.66,0.1200,0.0000,74,78
EXP000456,19605.53,17823.21,2261.61,3055.41,0.1200,-0.1596,45,95
EXP000457,603428.60,428571.45,3857.14,30857.14,0.1200,0.3346,53,92
EXP000458,3516726.76,628647.27,1306292.04,66562.65,0.1200,0.2582,72,46
EXP000459,1303158.29,885641.56,38588.67,20243.24,0.1200,0.0000,87,62
EXP000460,915927.20,467045.03,22833.31,77840.84,0.1200,0.2314,60,71
EXP000461,723179.54,204191.87,3828.60,30628.78,0.1200,0.8448,13,82
EXP000462,17343.06,22316.43,854.02,3825.67,0.1200,-0.3480,98,1
EXP000463,4089494.12,6049547.51,145189.14,193585.52,0.1200,0.0000,18,12
EXP000464,6750340.35,4355058.29,76213.52,193558.15,0.1200,0.0000,18,16
EXP000465,2856642.35,3546176.71,7880.39,157607.85,0.1200,-0.1497,29,76
EXP000466,4029.64,8199.85,294.21,1405.69,0.1200,-0.5760,34,59
EXP000467,2158318.50,538457.84,403843.38,134614.46,0.1200,0.3227,37,74
EXP000468,2509295.28,839724.80,266736.11,74093.36,0.1200,0.0000,53,51
EXP000469,1820038.62,843261.14,22135.60,70271.76,0.1200,0.0000,89,28
EXP000470,10285449.49,2629588.99,488352.24,75131.11,0.1200,0.0000,33,77
EXP000471,1122.02,868.66,12.62,434.33,0.1200,-0.0615,85,22
EXP000472,94333.12,81603.04,24236.10,4896.18,0.1200,-0.0562,89,20
EXP000473,3905735.49,749501.48,1470896.65,62458.46,0.1200,0.2003,66,68
EXP000474,6161605.50,8457105.59,199346.06,193305.27,0.1200,0.0000,1,53
EXP000475,4599161.32,4425971.14,42335.38,153946.82,0.1200,-0.0103,58,11
EXP000476,883972.04,313836.23,156918.11,52306.04,0.1200,0.2038,67,63
EXP000477,401315.55,426931.44,43034.69,51231.77,0.1200,-0.1614,90,56
EXP000478,3857697.37,1962987.60,142103.23,128020.93,0.1200,0.2188,44,46
EXP000479,1547929.76,551737.34,15939.08,91956.22,0.1200,0.4997,68,98
EXP000480,2360358.86,1143584.72,37738.30,45743.39,0.1200,2.1358,37,23
EXP000481,6066593.33,965616.93,2183133.93,125950.03,0.1200,0.4764,49,40
EXP000482,11554564.43,4376728.95,490818.89,100039.52,0.1200,0.0000,49,39
EXP000483,39441.54,13002.70,216.71,3250.68,0.1200,1.2579,28,91
EXP000484,55997.95,139994.87,2305.80,24704.98,0.1200,-0.4648,70,16
EXP000485,1636391.84,644974.26,423840.23,55283.51,0.1200,0.2117,81,73
EXP000486,246500.11,787430.90,7703.13,61625.03,0.1200,-1.0620,19,57
EXP000487,2308915.94,2342378.49,267.70,53540.08,0.1200,0.0000,25,30
EXP000488,1170018.33,713909.49,11105.26,118984.91,0.1200,0.1417,73,52
EXP000489,1023812.00,288397.75,216298.31,72099.44,0.1200,0.2320,85,90
EXP000490,471906.52,375854.75,12215.28,37585.48,0.1200,0.0894,24,78
EXP000491,2187955.39,463059.34,729318.46,57882.42,0.1200,0.1724,54,52
EXP000492,3897479.61,1609372.19,519547.33,104959.06,0.1200,0.2563,36,18
EXP000493,798646.85,1796955.40,1996.62,79864.68,0.1200,-12.8588,92,34
EXP000494,372143.76,446572.51,41307.96,44657.25,0.1200,-0.0737,5,82
EXP000495,304428.69,164749.64,1432.61,21489.08,0.1200,0.2810,27,37
EXP000496,290874.29,450469.04,84945.59,38611.63,0.1200,-0.3459,97,30
EXP000497,2498931.29,618292.28,201717.86,92743.84,0.1200,0.2817,90,95
EXP000498,934647.13,834506.37,6676.05,100140.76,0.1200,-0.0034,71,59
EXP000499,18900.67,24285.78,237.58,1900.63,0.1200,-0.6142,9,39
EXP000500,655605.46,232759.34,4364.24,34913.90,0.1200,1.1327,13,40
EXP000501,2313602.15,2333044.18,21386.24,155536.28,0.1200,0.0000,33,75
EXP000502,3769013.30,1308685.17,718468.16,94225.33,0.1200,0.2284,46,71
EXP000503,2024460.69,1135836.03,111245.12,100220.83,0.1200,0.1774,5,78
EXP000504,282141.09,252663.67,280.74,11229.50,0.1200,1.2277,17,50
EXP000505,2635810.49,489178.80,661830.15,86325.67,0.1200,0.4594,3,23
EXP000506,1387829.54,2142287.21,1760401.23,139714.38,0.1200,-0.2307,61,53
EXP000507,290349.60,157500.96,479.35,6847.87,0.1200,1.5802,28,66
EXP000508,7388.77,6056.37,361.06,1038.24,0.1200,-0.0089,68,76
EXP000509,798568.45,950676.73,5432.44,81486.58,0.1200,-0.1517,85,96
EXP000510,1512990.20,756495.10,157877.24,98673.27,0.1200,0.2584,13,19
EXP000511,563021.37,559728.84,28974.20,98775.68,0.1200,-0.2363,46,70
EXP000512,1002394.87,989488.50,7958.93,34416.99,0.1200,0.0000,35,46
EXP000513,1968397.89,1514152.22,22495.98,129784.48,0.1200,0.1203,23,22
EXP000514,10799489.90,1685956.79,3308690.21,140496.40,0.1200,0.3631,62,62
EXP000515,419794.79,219979.80,3666.33,54994.95,0.1200,0.1328,24,29
EXP000516,542396.11,241064.94,2678.50,40177.49,0.1200,0.3328,92,11
EXP000517,131711.53,677926.98,10072.06,58108.03,0.1200,-0.5469,8,8
EXP000518,18910.46,13427.55,211.65,6713.77,0.1200,-0.0296,21,89
EXP000519,3848156.12,1857218.20,83574.82,59430.98,0.1200,0.0000,7,25
EXP000520,2361824.77,1335873.74,5877.84,53434.95,0.1200,0.0000,22,79
EXP000521,377778.29,264591.80,70557.81,44098.63,0.1200,-0.0013,38,86
EXP000522,2517547.44,1345858.70,587823.58,118752.24,0.1200,0.0651,71,78
EXP000523,1843550.80,762848.61,62723.11,127141.43,0.1200,0.3624,3,66
EXP000524,5460341.74,2916503.00,3240.56,129622.36,0.1200,0.0000,96,57
EXP000525,3099668.54,508142.38,516611.42,127035.60,0.1200,0.4583,33,38
EXP000526,146154.60,276924.50,2000.01,12307.76,0.1200,-0.8129,61,78
EXP000527,1612737.06,839207.07,328385.37,109461.79,0.1200,0.0969,47,50
EXP000528,3581230.36,2085273.37,906.64,90664.06,0.1200,0.0000,43,29
EXP000529,3647464.86,482752.70,1394618.92,80458.78,0.1200,0.4380,83,30
EXP000530,777529.73,625023.90,22000.84,75002.87,0.1200,0.0383,23,58
EXP000531,223693.57,92139.23,33784.38,15356.54,0.1200,0.1609,82,78
EXP000532,1234111.74,447412.11,149.14,29827.47,0.1200,0.0000,43,15
EXP000533,718353.92,610845.17,6841.47,73301.42,0.1200,0.0193,83,2
EXP000534,3272362.21,2998578.92,56712.25,104298.40,0.1200,0.1373,10,96
EXP000535,487156.08,845066.67,15658.59,74564.71,0.1200,-0.2295,16,15
EXP000536,165643.68,72469.11,414.11,6211.64,0.1200,0.7207,21,60
EXP000537,1251502.16,189941.31,422091.79,31656.88,0.1200,0.4609,15,82
EXP000538,245441.52,183810.83,9514.91,32437.21,0.1200,0.0314,32,63
EXP000539,1928814.22,939537.01,17409.07,82900.32,0.1200,0.1849,48,17
EXP000540,1710879.65,1288528.61,9306.04,57267.94,0.1200,0.4284,86,27
EXP000541,413054.43,1624371.36,464.11,37128.49,0.1200,-49.0967,41,75
EXP000542,3819.48,3126.26,34.64,815.55,0.1200,-0.0265,1,34
EXP000543,1150607.38,2341352.22,15051.55,100343.67,0.1200,-0.2244,86,14
EXP000544,60033.72,11203.80,10522.01,5601.90,0.1200,0.4717,61,13
EXP000545,281807.95,79882.57,6568.12,13313.76,0.1200,2.5638,19,74
EXP000546,1047744.82,1069127.37,226807.73,45819.74,0.1200,-0.0684,77,97
EXP000547,9699249.76,455482.64,136644.79,45548.26,0.1200,4.1161,76,99
EXP000548,5876416.64,576119.28,2160447.29,72014.91,0.1200,0.3019,33,65
EXP000549,37897.44,10751.05,5074.90,5375.52,0.1200,0.0000,19,42
EXP000550,1040237.91,277396.78,5201.19,34674.60,0.1200,2.6961,85,59
EXP000551,20801.66,7100.97,1223.21,2506.22,0.1200,0.5488,100,7
EXP000552,1677677.06,1632334.44,28565.85,136027.87,0.1200,-0.0449,63,53
EXP000553,929907.06,1819383.38,6570.00,80861.48,0.1200,-0.8332,36,97
EXP000554,1362547.97,803553.93,6987.43,104811.38,0.1200,0.8115,41,2
EXP000555,1369569.74,552741.15,147397.64,92123.53,0.1200,0.2929,59,93
EXP000556,304393.99,818263.41,28802.87,98191.61,0.1200,-0.3933,14,1
EXP000557,840998.25,429843.55,3737.77,56066.55,0.1200,0.3241,29,98
EXP000558,792665.87,1000840.74,9007.57,72060.53,0.1200,-0.2143,11,3
EXP000559,431277.13,763028.76,7298.54,33175.16,0.1200,-1.1601,85,77
EXP000560,960409.36,884587.57,5686.63,37910.90,0.1200,0.1099,48,86
EXP000561,14695.13,17752.51,197.25,2958.75,0.1200,-0.1086,8,32
EXP000562,326225.09,139313.21,3656.97,20896.98,0.1200,0.5375,66,31
EXP000563,581804.11,443527.80,5870.22,46961.77,0.1200,0.0376,83,52
EXP000564,5243971.81,3229046.68,23894.95,103329.49,0.1200,1.2599,73,31
EXP000565,18844851.98,844837.77,7156272.91,149089.02,0.1200,1.2930,94,96
EXP000566,1318139.28,504819.30,97598.40,84136.55,0.1200,0.2659,71,83
EXP000567,3720442.99,1121967.12,113094.29,134636.05,0.1200,0.9031,27,70
EXP000568,93307.57,66033.05,574.20,8613.01,0.1200,0.1086,76,5
EXP000569,985484.47,263969.05,11438.66,65992.26,0.1200,0.5048,8,73
EXP000570,1261025.58,661762.70,198528.81,66176.27,0.1200,0.0905,97,92
EXP000571,3036.02,3188.52,32.14,831.79,0.1200,-0.1685,63,71
EXP000572,334735.82,703226.50,41631.01,84387.18,0.1200,0.0000,46,57
EXP000573,1696141.60,1658238.99,10660.11,85280.86,0.1200,-0.0141,60,98
EXP000574,981758.47,2603147.47,595.01,74375.64,0.1200,-9.6240,92,32
EXP000575,6127347.17,5055566.97,13144.47,161778.14,0.1200,0.0000,77,2
EXP000576,56391.66,263161.08,3909.82,22556.66,0.1200,-0.5348,13,93
EXP000577,506568.21,796490.90,3504.56,31859.64,0.1200,0.0000,42,40
EXP000578,5792313.00,1962545.55,1980769.18,100930.91,0.1200,0.1716,67,59
EXP000579,2974091.44,1073451.26,247209.51,94716.29,0.1200,0.2438,77,64
EXP000580,976756.83,748063.22,11114.08,64119.70,0.1200,0.1238,82,6
EXP000581,5556579.53,959409.41,1511069.83,119926.18,0.1200,0.2394,10,10
EXP000582,8208565.87,1671205.03,1857986.77,147459.27,0.1200,0.2681,84,34
EXP000583,1796763.39,211799.22,554207.96,52949.81,0.1200,0.4717,41,49
EXP000584,1550940.48,716467.07,11800.63,126435.37,0.1200,0.2848,36,4
EXP000585,8304493.96,672731.28,2840420.98,112121.88,0.1200,0.7998,29,33
EXP000586,1686566.09,860005.37,9555.62,143334.23,0.1200,0.0000,40,57
EXP000587,1291732.53,1369117.42,99112.20,107148.32,0.1200,-0.0650,3,18
EXP000588,3499935.50,3439242.98,37427.06,161846.73,0.1200,0.0000,5,73
EXP000589,4190467.49,766548.93,646775.66,95818.62,0.1200,0.4105,44,46
EXP000590,160675.89,117567.72,2057.44,11756.77,0.1200,0.1138,46,81
EXP000591,9707.35,7183.03,3259.95,1231.38,0.1200,-0.1055,20,70
EXP000592,27839.08,28083.28,200.12,7326.07,0.1200,-0.1463,7,91
EXP000593,165643.08,197398.49,21628.01,25747.63,0.1200,-0.1590,64,83
EXP000594,203825.95,296708.65,2580.08,38701.13,0.1200,-0.6836,37,6
EXP000595,3853879.07,780274.81,169624.96,33924.99,0.1200,0.0000,9,27
EXP000596,5328799.32,3391054.12,1329777.65,145330.89,0.1200,0.0432,60,31
EXP000597,2099185.53,627173.18,243490.76,110677.62,0.1200,0.3849,85,93
EXP000598,22670401.54,2461944.06,805260.87,164129.60,0.1200,0.0000,33,33
EXP000599,902329.83,280431.57,25156.36,13196.78,0.1200,2.4878,14,19
EXP000600,2393896.80,1146014.43,106006.33,95501.20,0.1200,0.1889,76,24
EXP000601,15599.16,15011.75,1431.36,3916.11,0.1200,-0.1677,39,34
EXP000602,9196096.90,2261335.30,81973.40,150755.69,0.1200,0.0000,94,57
EXP000603,4461825.18,1341902.31,2236.50,89460.15,0.1200,0.0000,17,80
EXP000604,886639.37,664003.05,7811.80,117177.01,0.1200,0.0431,76,35
EXP000605,3297100.36,1648550.18,71829.69,37681.15,0.1200,2.2979,89,93
EXP000606,1197645.19,565816.63,6286.85,94302.77,0.1200,0.2914,11,65
EXP000607,91064.79,50127.41,835.46,12531.85,0.1200,0.5690,50,65
EXP000608,3107615.52,1625321.93,24054.76,65012.88,0.1200,0.7390,3,26
EXP000609,3007477.02,1590160.26,691.37,55309.92,0.1200,10.5439,14,76
EXP000610,2776380.70,640703.24,396435.13,80087.90,0.1200,0.3474,25,2
EXP000611,2901325.28,799392.70,888736.59,84641.58,0.1200,0.1436,40,29
EXP000612,10820265.15,5880578.89,25874.55,188178.52,0.1200,0.0000,73,69
EXP000613,445547.87,514659.25,51171.83,44113.65,0.1200,-0.1350,4,22
EXP000614,872209.77,392263.65,5191.72,41533.80,0.1200,1.0651,93,41
EXP000615,921964.58,1280506.36,11524.56,76830.38,0.1200,-0.7522,97,98
EXP000616,402074.72,201878.52,42394.49,50469.63,0.1200,0.1100,70,62
EXP000617,351623.11,1051863.99,75734.21,90159.77,0.1200,-0.3778,80,58
EXP000618,125576.90,86780.78,24502.81,15314.26,0.1200,-0.0032,64,89
EXP000619,655351.51,1010453.87,5774.02,86610.33,0.1200,0.0000,42,97
EXP000620,246764.21,252832.18,2275.49,15169.93,0.1200,-0.2004,77,77
EXP000621,2782995.79,966317.98,714385.08,49696.35,0.1200,0.2735,98,55
EXP000622,20429.79,17568.62,244.25,3011.76,0.1200,-0.0181,22,24
EXP000623,821799.67,207176.39,82870.56,51794.10,0.1200,0.4793,37,4
EXP000624,1188093.71,585909.23,82027.29,97651.54,0.1200,0.2238,54,34
EXP000625,19935804.11,4311376.32,1724550.53,137964.04,0.1200,2.0221,86,66
EXP000626,495970.94,299499.36,33963.23,21563.95,0.1200,0.1097,57,64
EXP000627,184883.96,156239.96,32810.39,39059.99,0.1200,-0.0654,99,49
EXP000628,124212.19,101628.16,27100.84,16938.03,0.1200,-0.0606,95,96
EXP000629,549978.57,747970.86,12319.52,131994.86,0.1200,-0.1341,1,14
EXP000630,546861.74,1048151.67,114840.97,136715.44,0.1200,0.0000,82,78
EXP000631,517047.20,962587.88,7700.70,82507.53,0.1200,-0.6717,11,60
EXP000632,611507.99,263014.19,4821.93,21917.85,0.1200,0.5062,93,91
EXP000633,8738277.08,4422205.00,371465.22,141510.56,0.1200,0.0000,65,69
EXP000634,1148161.21,1450745.22,8289.97,124349.59,0.1200,-0.1810,60,95
EXP000635,1284445.22,1856134.71,23387.30,74245.39,0.1200,0.0000,77,10
EXP000636,4214439.46,1776578.70,222072.34,78959.05,0.1200,0.7466,8,2
EXP000637,533240.35,177746.78,59.25,14812.23,0.1200,0.0000,99,87
EXP000638,551027.34,119330.76,117926.87,21058.37,0.1200,0.4747,67,81
EXP000639,245924.29,270634.38,2353.34,35300.14,0.1200,-0.0914,43,44
EXP000640,1954860.04,1153687.89,63452.83,96140.66,0.1200,0.1464,39,51
EXP000641,5330250.36,719763.74,1799409.35,59980.31,0.1200,0.3099,6,28
EXP000642,1023299.71,1443919.84,14125.30,94168.69,0.1200,-0.5842,41,94
EXP000643,119995.10,538439.55,3461.40,23075.98,0.1200,-0.3325,36,83
EXP000644,1084853.19,1310560.90,16382.01,109213.41,0.1200,-0.4019,46,75
EXP000645,1233265.12,880903.65,122621.79,105708.44,0.1200,0.0607,53,33
EXP000646,245091.05,211285.39,73648.05,18110.18,0.1200,-0.1214,91,95
EXP000647,846453.56,258240.07,7460.27,43040.01,0.1200,0.6462,90,90
EXP000648,5091.94,12206.71,63.84,2092.58,0.1200,-0.6111,5,29
EXP000649,42047.17,31099.98,2603.52,7463.99,0.1200,0.0163,100,45
EXP000650,5322930.32,2638187.04,174585.91,124149.98,0.1200,0.0000,94,66
EXP000651,1177305.13,380497.86,273063.17,67146.68,0.1200,0.2345,85,65
EXP000652,12611.40,12837.95,122.98,4531.04,0.1200,-0.1486,81,23
EXP000653,2414931.91,1763283.62,24149.32,76664.51,0.1200,0.6194,48,6
EXP000654,1993231.67,3633495.24,65402.91,83051.32,0.1200,-0.5941,89,100
EXP000655,1658560.80,1008856.94,20984.22,121062.83,0.1200,0.2169,21,68
EXP000656,2526067.18,1263033.59,8172.57,74296.09,0.1200,1.3698,44,63
EXP000657,509293.83,214838.59,2527.51,37912.69,0.1200,0.3466,10,29
EXP000658,4227304.60,1746820.08,838473.64,149727.44,0.1200,0.3348,22,31
EXP000659,1351168.58,509874.94,186954.14,84979.16,0.1200,0.2571,31,13
EXP000660,17655620.80,3164089.75,632817.95,101250.87,0.1200,0.0000,76,44
EXP000661,2127182.06,400934.84,13364.49,17819.33,0.1200,0.0000,70,62
EXP000662,719417.62,1072815.75,14199.03,94660.21,0.1200,-0.6315,73,67
EXP000663,97341.40,22241.99,14904.42,7850.11,0.1200,0.9197,93,33
EXP000664,1072834.47,262199.87,76037.96,65549.97,0.1200,0.3616,20,31
EXP000665,135445.50,275482.37,6427.92,68870.59,0.1200,-0.3234,8,94
EXP000666,99531.30,58836.23,17062.51,19612.08,0.1200,0.0103,70,58
EXP000667,2369068.30,1293563.03,620910.26,110876.83,0.1200,0.0984,21,10
EXP000668,682342.18,176721.72,164940.27,29453.62,0.1200,0.2593,67,86
EXP000669,293651.31,621849.84,10882.37,34547.21,0.1200,0.0000,39,40
EXP000670,476650.02,536231.28,15491.13,89371.88,0.1200,-0.0952,14,31
EXP000671,941453.98,767852.54,300464.04,100154.68,0.1200,-0.0694,44,20
EXP000672,1891643.78,685102.37,16556.64,30448.99,0.1200,0.0000,77,31
EXP000673,6820.54,17568.05,175.27,6200.49,0.1200,-1.4284,28,70
EXP000674,4774646.64,4159099.86,10813.66,133091.20,0.1200,0.0000,68,48
EXP000675,877775.40,356137.99,100556.61,62847.88,0.1200,0.2345,76,66
EXP000676,59785.18,25026.35,8371.11,8342.12,0.1200,0.2565,8,21
EXP000677,419567.15,224942.76,88021.08,29340.36,0.1200,0.1114,21,24
EXP000678,731301.62,265643.75,39377.78,46878.31,0.1200,0.5582,22,100
EXP000679,805396.75,800947.05,889.94,35597.65,0.1200,0.0000,84,8
EXP000680,452330.27,134688.91,101016.69,33672.23,0.1200,0.2157,17,42
EXP000681,1342073.90,1103679.19,111250.86,132441.50,0.1200,-0.0075,52,65
EXP000682,10159991.06,5733629.27,72243.73,183476.14,0.1200,0.0000,92,83
EXP000683,251725.80,106363.01,38999.77,17727.17,0.1200,0.2293,37,60
EXP000684,1344525.51,972455.56,8456.14,126842.03,0.1200,0.0966,23,63
EXP000685,9913.49,10966.25,76.48,2631.90,0.1200,-0.1971,70,60
EXP000686,1323246.58,2399669.96,67876.38,102843.00,0.1200,-0.2602,3,29
EXP000687,953094.05,448514.85,16258.66,29900.99,0.1200,0.0000,45,3
EXP000688,6047564.66,2805571.23,623.46,124692.05,0.1200,0.0000,100,94
EXP000689,757912.79,298252.72,177635.81,26316.42,0.1200,0.1391,68,93
EXP000690,364743.36,171868.60,180462.03,14322.38,0.1200,-0.0012,4,58
EXP000691,13668.16,7719.56,346.85,2724.55,0.1200,0.1457,68,45
EXP000692,2108905.06,737682.84,322193.83,78107.59,0.1200,0.1590,67,47
EXP000693,30151.59,28656.47,220.47,7475.60,0.1200,-0.1144,19,62
EXP000694,1664909.23,1445950.94,198301.84,123938.65,0.1200,-0.0424,80,25
EXP000695,482301.73,578762.07,7234.53,48230.17,0.1200,-0.2197,45,73
EXP000696,6999727.73,999168.11,2497920.29,83264.01,0.1200,0.3505,42,26
EXP000697,1852301.75,629782.59,77796.67,29636.83,0.1200,0.0000,30,61
EXP000698,1440886.36,615453.97,366557.14,65165.71,0.1200,0.0724,9,82
EXP000699,965508.72,1157287.85,7439.71,59517.66,0.1200,-0.3286,45,97
EXP000700,2064014.12,860005.88,336524.04,112174.68,0.1200,0.0000,75,30
EXP000701,58153.58,27327.81,8458.23,6558.67,0.1200,0.2504,87,45
EXP000702,1470730.38,528406.13,102158.52,88067.69,0.1200,0.4417,98,9
EXP000703,356723.47,391389.38,9840.65,33547.66,0.1200,-0.1203,29,75
EXP000704,19782941.94,2209658.43,844869.40,103983.93,0.1200,0.0000,10,78
EXP000705,1885019.31,1094834.45,9520.30,142804.49,0.1200,0.7557,76,99
EXP000706,1683319.95,505590.80,33458.21,23792.51,0.1200,0.0000,47,66
EXP000707,249134.99,229829.33,1838.63,27579.52,0.1200,-0.0190,59,34
EXP000708,1987847.80,1006505.22,5451.90,67100.35,0.1200,0.9341,35,29
EXP000709,140421.73,53893.20,119762.67,8982.20,0.1200,-0.1127,90,39
EXP000710,123024.37,42422.20,707.04,10605.55,0.1200,0.3379,89,39
EXP000711,1207457.52,1704073.11,9737.56,146063.41,0.1200,-0.2310,27,95
EXP000712,11597201.03,2230230.97,566850.37,148682.06,0.1200,2.9094,64,49
EXP000713,23343.94,19009.72,142.88,4562.33,0.1200,-0.0112,40,50
EXP000714,969555.63,540309.64,9455.42,24013.76,0.1200,1.1366,30,62
EXP000715,1799212.60,971497.09,393456.32,58289.83,0.1200,0.0668,28,5
EXP000716,303191.61,829039.55,4737.37,71060.53,0.1200,-0.4379,79,75
EXP000717,4210121.34,2098887.47,53706.83,98771.18,0.1200,0.0000,79,66
EXP000718,551867.55,86966.97,188842.57,7454.31,0.1200,0.5813,18,85
EXP000719,43417.34,6613.24,13972.33,1725.19,0.1200,1.3255,8,40
EXP000720,1085804.65,296128.54,133257.84,37016.07,0.1200,0.1926,3,72
EXP000721,113156.25,48322.95,3986.64,6040.37,0.1200,0.1944,29,78
EXP000722,1787697.42,1173029.80,10557.27,70381.79,0.1200,0.4562,82,45
EXP000723,794345.86,1153614.33,83060.23,98881.23,0.1200,-0.3568,68,64
EXP000724,1459547.50,384091.45,80659.20,96022.86,0.1200,0.4895,25,14
EXP000725,1253432.21,1054868.69,2171.79,62051.10,0.1200,0.0000,40,64
EXP000726,899639.86,1285199.80,756.00,75599.99,0.1200,0.0000,50,32
EXP000727,3291547.01,980924.61,747955.01,81743.72,0.1200,0.1908,41,66
EXP000728,2183669.75,1102863.51,538197.39,132343.62,0.1200,0.1106,79,77
EXP000729,1326167.48,780098.52,25353.20,65008.21,0.1200,0.4683,87,51
EXP000730,284932.71,113705.54,9899.07,20065.68,0.1200,0.4408,80,94
EXP000731,6381612.32,4093864.51,963.26,192652.45,0.1200,26.5139,15,64
EXP000732,1181221.32,1097789.33,8782.31,131734.72,0.1200,-0.0224,55,31
EXP000733,1045295.62,842980.34,5419.16,36127.73,0.1200,0.5754,70,71
EXP000734,42644.80,36262.58,631.88,8703.02,0.1200,0.0000,81,32
EXP000735,2776097.17,577665.88,858246.45,49514.22,0.1200,0.4683,99,97
EXP000736,2645735.99,821090.48,766351.11,136848.41,0.1200,0.1652,13,25
EXP000737,154243.92,89468.63,5958.61,5368.12,0.1200,0.1717,50,96
EXP000738,424075.76,142758.18,55423.76,25192.62,0.1200,0.3354,40,21
EXP000739,1424410.31,631867.69,303296.49,54160.09,0.1200,0.2274,45,45
EXP000740,340106.81,377896.46,7002.20,40012.57,0.1200,-0.1314,55,65
EXP000741,1370119.62,407976.07,414775.67,101994.02,0.1200,0.1306,29,87
EXP000742,581428.03,581428.03,42638.06,145357.01,0.1200,-0.0669,9,12
EXP000743,24880.41,49198.55,2904.68,8434.04,0.1200,-0.5831,25,48
EXP000744,504041.84,455851.79,117219.03,39073.01,0.1200,0.0000,92,95
EXP000745,758032.36,553070.82,6506.72,97600.73,0.1200,0.0534,63,95
EXP000746,8265.32,4606.06,6512.38,1535.35,0.1200,-0.3942,9,6
EXP000747,1244802.00,884092.33,190963.94,63654.65,0.1200,0.0322,8,12
EXP000748,1732372.07,483452.67,23568.32,60431.58,0.1200,0.7308,79,92
EXP000749,199488.34,495183.83,2829.62,42444.33,0.1200,-1.9288,65,65
EXP000750,421925.47,519612.64,10807.94,62353.52,0.1200,-0.2834,40,87
EXP000751,369493.31,95834.00,1490.75,15972.33,0.1200,0.8297,75,61
EXP000752,1498530.70,3645074.68,37463.27,162003.32,0.1200,0.0000,62,82
EXP000753,1007657.22,453445.75,41943.73,37787.15,0.1200,0.3074,65,28
EXP000754,748903.27,761080.56,6849.73,45664.83,0.1200,-0.1832,34,89
EXP000755,1665481.42,1112439.88,7151.40,47675.99,0.1200,0.2703,44,10
EXP000756,507266.34,383267.90,6312.65,67635.51,0.1200,0.0383,15,3
EXP000757,1939670.92,1865068.20,11989.72,79931.49,0.1200,-0.0280,99,5
EXP000758,428679.90,388699.39,53307.35,33317.09,0.1200,-0.0626,59,73
EXP000759,1365205.01,596448.79,298224.40,99408.13,0.1200,0.1449,50,86
EXP000760,2539541.67,2283760.50,20553.84,137025.63,0.1200,0.0319,93,86
EXP000761,417151.45,999425.34,9776.99,65179.91,0.1200,-1.0248,24,51
EXP000762,1459000.74,1939711.96,5481.79,67468.24,0.1200,0.0000,42,34
EXP000763,242360.06,571603.92,13375.53,34296.24,0.1200,-0.3875,53,72
EXP000764,191391.83,225166.86,3940.42,22516.69,0.1200,-0.2393,41,23
EXP000765,13296127.61,2833786.79,566757.36,90681.18,0.1200,0.0000,18,46
EXP000766,1036951.72,1410254.33,18665.13,124434.21,0.1200,-0.5366,64,70
EXP000767,1272283.01,727850.69,25620.34,87342.08,0.1200,0.2555,6,63
EXP000768,5584513.84,936550.00,2033651.42,80275.71,0.1200,0.6050,11,53
EXP000769,17152982.11,4220714.10,662652.11,135062.85,0.1200,4.7576,37,78
EXP000770,1878415.47,786528.64,564449.97,138799.17,0.1200,0.0964,18,90
EXP000771,5938154.20,1898040.16,2440337.34,81344.58,0.1200,0.1540,72,11
EXP000772,243335.51,521433.24,100810.43,86905.54,0.1200,-0.3050,8,91
EXP000773,1160047.39,748417.67,4053.93,62368.14,0.1200,0.0000,74,30
EXP000774,2044365.53,1919200.30,18774.79,125165.24,0.1200,-0.0141,42,90
EXP000775,902464.22,663034.94,368.35,36835.27,0.1200,0.0000,71,45
EXP000776,802447.30,972663.39,18237.44,121582.92,0.1200,-0.0440,75,21
EXP000777,2178250.01,905508.09,196948.01,90550.81,0.1200,0.2306,78,93
EXP000778,2664354.29,363321.04,807380.09,60553.51,0.1200,0.5681,89,100
EXP000779,464347.49,245916.11,69435.14,43396.96,0.1200,0.1179,82,69
EXP000780,4023350.89,1544143.20,868580.55,128678.60,0.1200,0.1669,68,7
EXP000781,4668168.59,5621354.85,76988.12,195525.39,0.1200,0.0000,87,50
EXP000782,4516511.76,1169817.24,1316044.39,76292.43,0.1200,0.2757,37,24
EXP000783,1267934.96,950951.22,11886.89,79245.93,0.1200,0.3685,37,49
EXP000784,1563171.34,360568.70,258761.06,63629.77,0.1200,0.4269,96,32
EXP000785,146441.15,501510.80,4513.60,30090.65,0.1200,-0.2233,41,97
EXP000786,6001240.09,1961189.57,225536.80,62758.07,0.1200,3.6840,40,3
EXP000787,1914541.70,179120.45,92119.09,5117.73,0.1200,20.0062,80,95
EXP000788,1574284.13,1574284.13,8995.91,134938.64,0.1200,-0.2759,87,9
EXP000789,2695539.23,1585611.31,76109.34,63424.45,0.1200,0.5276,22,26
EXP000790,9964.02,5861.19,87.39,2068.65,0.1200,0.1298,52,62
EXP000791,2226750.72,273780.83,524746.58,68445.21,0.1200,0.5786,92,97
EXP000792,3094736.12,799551.89,888913.57,84658.44,0.1200,0.2237,66,27
EXP000793,1797923.45,1076881.23,571215.26,140462.77,0.1200,0.0025,17,99
EXP000794,49222.16,44516.17,232.18,7631.34,0.1200,-0.0571,92,45
EXP000795,4386297.12,771782.48,1346331.67,128630.41,0.1200,0.3682,81,30
EXP000796,2392596.08,1253981.17,60191.10,50159.25,0.1200,1.2813,91,6
EXP000797,185113.96,87685.56,974.28,14614.26,0.1200,0.2897,17,19
EXP000798,71818.70,43380.42,482.00,7230.07,0.1200,0.3718,23,70
EXP000799,217243.99,160412.23,21999.39,13749.62,0.1200,0.0682,92,6
EXP000800,3139700.43,70443.33,1243117.50,12431.18,0.1200,5.0065,19,36
EXP000801,1004382.13,1931504.10,24336.95,115890.25,0.1200,-0.5258,69,45
EXP000802,618035.86,256328.24,3204.10,21360.69,0.1200,1.3738,4,69
EXP000803,1678724.70,1208681.78,21151.93,100723.48,0.1200,0.2980,88,55
EXP000804,235733.05,74835.89,1247.26,18708.97,0.1200,1.9483,58,3
EXP000805,388092.32,529216.80,29106.92,52921.68,0.1200,-0.0872,58,73
EXP000806,38137.67,30970.26,141.84,5309.19,0.1200,0.0446,96,37
EXP000807,213491.27,264035.14,1508.77,22631.58,0.1200,-0.1707,48,98
EXP000808,82327.98,58805.70,5124.50,1680.16,0.1200,0.3431,15,4
EXP000809,38600.85,14723.38,3780.29,3840.88,0.1200,0.5116,50,56
EXP000810,1795462.76,760789.31,273884.15,91294.72,0.1200,0.2870,2,5
EXP000811,216414.78,201316.08,3355.27,50329.02,0.1200,-0.0960,13,92
EXP000812,30106.89,50905.37,255.98,8726.63,0.1200,-0.4707,44,59
EXP000813,265558.96,132411.67,89745.69,22068.61,0.1200,0.0332,72,85
EXP000814,1695655.95,1866032.87,18254.67,121697.80,0.1200,-0.1135,46,55
EXP000815,1143412.47,3135163.22,3688.43,147537.09,0.1200,0.0000,94,11
EXP000816,9261197.00,788933.01,3331050.51,131488.84,0.1200,0.7302,6,43
EXP000817,158986.54,123980.33,54150.23,10939.44,0.1200,-0.0418,54,95
EXP000818,1328269.11,1612898.20,29886.05,142314.55,0.1200,-0.1202,95,93
EXP000819,5233350.45,1124108.69,262292.03,49960.39,0.1200,3.8000,65,21
EXP000820,534597.78,1627036.72,117146.64,139460.29,0.1200,-0.4032,28,20
EXP000821,4349330.45,2071109.74,974.64,97463.99,0.1200,21.5018,78,31
EXP000822,951178.79,1256273.88,11306.46,35893.54,0.1200,0.0000,88,81
EXP000823,1989395.92,742927.94,104009.91,123821.32,0.1200,0.4255,1,6
EXP000824,15767.07,3822.32,1429.93,1911.16,0.1200,0.6209,64,26
EXP000825,619340.58,480641.25,123593.46,41197.82,0.1200,-0.0181,55,50
EXP000826,1173195.43,926903.84,8342.13,47669.34,0.1200,0.0000,9,51
EXP000827,2417236.44,1408645.94,418367.84,84518.76,0.1200,0.1003,52,45
EXP000828,290936.12,119019.32,3438.34,19836.55,0.1200,0.5791,18,95
EXP000829,2299613.77,967659.26,12807.25,102458.04,0.1200,0.7139,21,87
EXP000830,1421987.94,526662.20,193109.47,87777.03,0.1200,0.2359,86,66
EXP000831,219910.00,23243.57,62514.87,7747.86,0.1200,0.6564,6,31
EXP000832,618551.74,541797.15,758516.01,135449.29,0.1200,-0.2060,37,62
EXP000833,4408876.69,1145162.78,158891.34,143145.35,0.1200,0.7052,12,60
EXP000834,1051658.79,3608633.09,3608.63,82483.04,0.1200,0.0000,73,97
EXP000835,1051023.08,1277285.00,145.98,29195.09,0.1200,-0.6038,36,37
EXP000836,3559785.37,1071085.86,340227.27,94507.58,0.1200,0.2501,83,94
EXP000837,2041653.08,2706737.04,33640.87,77335.34,0.1200,0.0000,89,52
EXP000838,9692646.38,442230.24,5202.71,78040.63,0.1200,4.0506,59,3
EXP000839,752623.40,891264.56,367646.63,74272.05,0.1200,-0.1311,72,66
EXP000840,382065.99,263857.73,3324.61,18997.76,0.1200,0.5010,70,41
EXP000841,1020360.12,514467.29,108038.13,128616.82,0.1200,0.0823,15,24
EXP000842,9173506.04,1902339.96,607691.93,84548.44,0.1200,3.8906,27,23
EXP000843,3210921.50,664983.74,987975.85,56998.61,0.1200,0.4631,88,78
EXP000844,1538111.32,557864.21,500483.89,47816.93,0.1200,0.1854,25,26
EXP000845,581953.70,363072.72,174274.90,31120.52,0.1200,0.0148,59,25
EXP000846,1863662.87,1472998.15,1280.87,51234.72,0.1200,5.2247,59,71
EXP000847,158727.68,129257.07,13029.11,15510.85,0.1200,0.0026,11,25
EXP000848,253106.15,591676.70,17092.88,98612.78,0.1200,-0.2383,31,65
EXP000849,9092.60,32676.52,623.71,8524.31,0.1200,0.0000,46,58
EXP000850,2662311.17,2882757.32,678.30,135659.17,0.1200,0.0000,74,10
EXP000851,1493232.22,3895388.39,1731.28,173128.37,0.1200,-25.5802,4,3
EXP000852,1449699.76,2082901.96,48739.91,124974.12,0.1200,-0.4052,49,17
EXP000853,1150020.50,518636.70,56824.54,67648.26,0.1200,0.3876,13,52
EXP000854,75931.68,14394.63,26072.27,7197.32,0.1200,0.2204,77,65
EXP000855,46546.94,46680.32,230.00,8002.34,0.1200,0.0000,80,98
EXP000856,11806304.16,5327754.59,175815.90,170488.15,0.1200,2.4806,63,31
EXP000857,650039.33,587801.52,6915.31,103729.68,0.1200,-0.0241,50,69
EXP000858,2490787.07,1812914.64,177350.34,78822.38,0.1200,0.3018,19,58
EXP000859,60630.19,89390.67,1224.26,5829.83,0.1200,-0.5296,65,53
EXP000860,5161770.55,2742190.61,96783.20,129044.26,0.1200,0.0000,57,10
EXP000861,253502.46,380253.69,4225.04,63375.62,0.1200,-0.1586,96,96
EXP000862,8705910.84,878645.33,207579.96,109830.67,0.1200,1.1789,100,66
EXP000863,4279535.90,1477740.30,811279.42,106397.30,0.1200,0.2735,80,96
EXP000864,6911.67,5705.39,1467.10,489.03,0.1200,-0.0436,84,99
EXP000865,153594.41,40608.17,21498.44,7166.15,0.1200,0.3988,32,12
EXP000866,10249.96,12812.45,150.73,2261.02,0.1200,-0.4950,57,21
EXP000867,11661988.97,1239086.33,473768.30,58309.94,0.1200,0.0000,68,77
EXP000868,10598496.50,1656015.08,974.13,77930.12,0.1200,0.0000,61,69
EXP000869,6077679.57,4933181.47,21706.00,157861.81,0.1200,0.4216,62,66
EXP000870,2207489.31,1744066.05,25911.84,149491.38,0.1200,0.0997,78,30
EXP000871,1475587.24,2887018.51,641.56,128311.93,0.1200,-16.0878,86,85
EXP000872,5804168.91,2278773.01,221175.03,107236.38,0.1200,1.4906,28,83
EXP000873,18228.42,14518.21,2517.05,4839.40,0.1200,-0.1039,48,26
EXP000874,494810.23,135564.45,3558.57,11297.04,0.1200,5.8214,71,61
EXP000875,1016306.67,1910350.88,44702.21,114621.05,0.1200,-0.1584,17,61
EXP000876,1416732.23,167330.58,483399.45,27888.43,0.1200,0.5701,23,7
EXP000877,665796.09,929017.80,11612.72,92901.78,0.1200,-0.5721,10,19
EXP000878,218132.47,98623.72,116.03,5801.40,0.1200,1.6879,74,26
EXP000879,3061517.01,2227715.08,249185.84,95473.50,0.1200,0.0956,84,100
EXP000880,2924706.72,1579067.01,21626.35,102982.63,0.1200,0.2044,41,65
EXP000881,2137740.44,1187633.58,146388.75,92945.24,0.1200,0.1582,38,26
EXP000882,1467914.02,1129164.63,1881.94,75277.64,0.1200,2.0266,98,27
EXP000883,1169177.43,911562.07,190239.04,118899.40,0.1200,-0.0163,24,96
EXP000884,2379624.08,2080090.98,26209.15,124805.46,0.1200,0.0807,11,44
EXP000885,9418765.78,2412378.76,301547.35,83908.83,0.1200,3.9453,7,76
EXP000886,748295.21,1247158.68,15589.48,103929.89,0.1200,-0.7613,23,13
EXP000887,249915.32,230691.06,28451.90,57672.77,0.1200,-0.0558,9,82
EXP000888,9210560.88,1954940.15,363060.31,55855.43,0.1200,0.0000,53,79
EXP000889,4547209.00,2249157.14,990118.09,146684.16,0.1200,0.1183,41,20
EXP000890,31103.36,28423.44,1696.54,4872.59,0.1200,-0.1101,58,38
EXP000891,324167.82,223564.01,46948.44,55891.00,0.1200,-0.0016,66,54
EXP000892,152248.43,40584.12,39378.19,6957.28,0.1200,1.2353,62,13
EXP000893,903674.91,650645.94,21145.99,54220.49,0.1200,0.2113,17,83
EXP000894,340580.06,417036.81,4633.74,69506.14,0.1200,-0.1121,21,78
EXP000895,11118074.43,2590418.09,518083.62,103616.72,0.1200,4.7687,30,51
EXP000896,19392.42,14515.28,110.14,3483.67,0.1200,0.0508,92,70
EXP000897,295681.57,612673.53,23441.42,79913.94,0.1200,-0.2721,95,84
EXP000898,715042.94,751546.63,12561.57,32209.14,0.1200,-0.1303,39,81
EXP000899,598419.27,786244.30,123833.48,65520.36,0.1200,-0.0993,96,57
EXP000900,175538.99,98813.34,1162.51,17437.65,0.1200,0.7522,20,31
EXP000901,1518209.21,704178.67,185903.17,84501.44,0.1200,0.2847,28,49
EXP000902,2229195.68,915562.51,546351.98,71652.72,0.1200,0.1582,48,80
EXP000903,12776456.35,1558104.43,19476.31,129842.04,0.1200,1.4698,21,18
EXP000904,141309.28,147453.16,2764.75,18431.64,0.1200,-0.1348,30,72
EXP000905,278317.05,309241.17,63303.49,54571.97,0.1200,-0.1671,35,62
EXP000906,537927.30,320959.01,84733.18,38515.08,0.1200,0.1130,59,62
EXP000907,4329875.00,1784715.50,419020.16,116394.49,0.1200,0.2662,25,55
EXP000908,1670368.45,1552387.03,1241.91,62095.48,0.1200,0.0759,54,51
EXP000909,4216089.98,2258619.63,1254.79,100383.09,0.1200,0.0000,54,100
EXP000910,142230.50,83392.48,926.58,13898.75,0.1200,0.1638,57,93
EXP000911,36917.03,27478.70,621.26,3584.18,0.1200,0.1510,4,70
EXP000912,3268864.20,1265847.18,16753.86,111692.40,0.1200,1.4058,99,11
EXP000913,789770.52,454936.93,163777.30,54592.43,0.1200,0.0760,61,87
EXP000914,245627.84,144147.79,8533.55,17297.73,0.1200,0.2223,33,48
EXP000915,2515293.65,1130469.06,267073.31,141308.63,0.1200,0.1191,20,50
EXP000916,443609.63,1361959.39,2529.35,31130.50,0.1200,0.0000,29,89
EXP000917,3417215.45,1217875.53,725352.34,107459.61,0.1200,0.1487,30,64
EXP000918,3644950.75,777506.56,122068.53,24880.21,0.1200,0.0000,36,1
EXP000919,497144.44,828574.07,90782.90,108074.88,0.1200,-0.3329,15,8
EXP000920,575099.49,482466.02,11579.18,15438.91,0.1200,0.2931,11,35
EXP000921,220340.86,206569.56,2295.22,34428.26,0.1200,-0.0345,55,98
EXP000922,329217.62,168311.67,9964.05,20197.40,0.1200,0.3348,15,87
EXP000923,1678202.21,1166318.14,20410.57,51836.36,0.1200,0.5849,82,52
EXP000924,2352014.20,990321.77,25995.95,123790.22,0.1200,0.0000,1,63
EXP000925,5747839.98,1958523.25,862176.00,127729.78,0.1200,0.3011,61,81
EXP000926,1946950.87,688111.53,364294.34,121431.45,0.1200,0.2278,89,9
EXP000927,436524.74,1125063.77,9000.51,135007.65,0.1200,-1.5948,90,12
EXP000928,115521.13,206903.51,5431.22,31035.53,0.1200,-0.2937,93,65
EXP000929,157950.18,87328.23,34171.91,11390.64,0.1200,0.0931,84,15
EXP000930,5359701.01,1173657.16,187459.13,52162.54,0.1200,3.7828,42,51
EXP000931,5044256.90,845684.10,1144160.83,149238.37,0.1200,0.5892,7,13
EXP000932,331652.14,208004.83,40214.27,34667.47,0.1200,0.0728,99,78
EXP000933,89113.57,29137.95,3593.68,7284.49,0.1200,0.3242,30,63
EXP000934,38265.43,18030.83,3228.87,6010.28,0.1200,0.2523,54,68
EXP000935,2150749.58,581283.67,9688.06,145320.92,0.1200,2.5172,23,56
EXP000936,947526.42,484530.55,242265.28,80755.09,0.1200,0.0725,43,88
EXP000937,488296.64,451037.06,392.21,15688.25,0.1200,0.0000,76,42
EXP000938,356002.52,181956.84,1582.23,23733.50,0.1200,0.9247,50,69
EXP000939,11524496.22,2822325.61,783979.33,125436.69,0.1200,0.0000,60,97
EXP000940,24866.87,22045.10,649.50,5290.82,0.1200,-0.1220,59,37
EXP000941,3928435.37,1274087.15,13802.61,84939.14,0.1200,2.0750,52,8
EXP000942,35798.34,13057.14,5919.29,6528.57,0.1200,0.2069,11,94
EXP000943,4544185.13,1778159.40,733490.75,148179.95,0.1200,0.1606,29,86
EXP000944,5816644.09,2590108.69,212758.93,59202.48,0.1200,2.9119,32,31
EXP000945,3741252.54,700026.46,1221157.27,116671.08,0.1200,2.7375,45,70
EXP000946,1491835.36,542057.08,395937.35,70703.10,0.1200,0.2334,72,58
EXP000947,2358806.76,1496704.79,13470.34,89802.29,0.1200,0.8523,10,37
EXP000948,22376802.41,1006797.90,2157424.07,28765.65,0.1200,41.6813,51,47
EXP000949,60043.79,159207.01,909.75,13646.31,0.1200,-1.8256,20,14
EXP000950,34557.26,7286.17,9301.52,1249.06,0.1200,1.5773,88,8
EXP000951,5896330.52,480755.97,2417919.71,42419.64,0.1200,0.4490,31,3
EXP000952,1202013.44,329515.01,56232.45,14326.74,0.1200,3.5650,50,36
EXP000953,2181897.22,272136.85,832418.60,48024.15,0.1200,0.4638,21,80
EXP000954,273956.54,121282.84,20225.70,10701.43,0.1200,0.1591,78,62
EXP000955,223886.78,205733.80,3388.56,36305.96,0.1200,-0.0614,39,67
EXP000956,933770.35,277815.97,22842.65,46302.66,0.1200,0.6158,21,40
EXP000957,374842.90,178496.62,14725.97,26774.49,0.1200,0.3202,96,22
EXP000958,5689309.55,1344354.81,1899573.35,80661.29,0.1200,0.2139,43,35
EXP000959,58628.25,9867.31,9224.21,4933.65,0.1200,0.9674,59,15
EXP000960,76771.28,80342.04,714.15,17853.79,0.1200,-0.0620,71,58
EXP000961,4982987.84,3249774.68,3610.86,144434.43,0.1200,8.3233,2,61
EXP000962,1823524.55,990149.08,18565.30,123768.63,0.1200,0.3509,31,59
EXP000963,1507976.91,2117945.10,83870.63,127076.71,0.1200,-0.3033,41,89
EXP000964,470167.98,996118.60,11156.53,119534.23,0.1200,-0.2841,82,86
EXP000965,8198966.92,2548524.35,285798.80,58251.99,0.1200,4.9643,11,23
EXP000966,1249792.76,873715.30,7597.52,113962.87,0.1200,0.1155,63,84
EXP000967,829674.99,572189.65,9536.49,143047.41,0.1200,0.0379,67,74
EXP000968,103923.00,302560.63,6840.50,39464.43,0.1200,-0.3210,21,90
EXP000969,727587.82,307258.37,149942.08,36871.00,0.1200,0.2290,7,98
EXP000970,267252.21,305431.09,37669.83,76357.77,0.1200,-0.1375,23,84
EXP000971,2238000.25,568983.12,165005.10,142245.78,0.1200,0.4952,73,43
EXP000972,1129565.14,415790.85,138.60,27719.39,0.1200,0.0000,27,31
EXP000973,2394407.94,1334588.03,17663.67,117757.77,0.1200,0.1353,10,47
EXP000974,2684873.72,1193277.21,20882.35,99439.77,0.1200,1.4348,13,71
EXP000975,77690.74,30566.85,25790.78,3820.86,0.1200,0.0478,31,74
EXP000976,5264031.06,2809111.70,22595.03,97708.23,0.1200,4.8863,19,29
EXP000977,568701.20,1064414.01,9579.73,54741.29,0.1200,-0.5999,14,1
EXP000978,8574.08,5187.16,963.09,1830.76,0.1200,0.0447,95,70
EXP000979,8210999.74,2397372.19,799.12,159824.81,0.1200,0.0000,51,3
EXP000980,1693004.09,884979.41,7695.47,115432.10,0.1200,0.7426,13,78
EXP000981,760516.83,523432.63,6158.03,92370.46,0.1200,0.0776,92,2
EXP000982,3337632.84,886097.21,122945.99,110762.15,0.1200,0.0000,58,80
EXP000983,269603.03,115544.15,7943.66,7702.94,0.1200,0.0000,28,50
EXP000984,501819.85,1129094.66,8154.57,62727.48,0.1200,-2.7884,77,72
EXP000985,1168918.65,893278.44,11102.17,20417.79,0.1200,0.0000,84,87
EXP000986,38248.12,29152.53,1583.88,6996.61,0.1200,0.0152,26,42
EXP000987,3617893.02,6029821.70,964.77,192954.29,0.1200,-17.7441,39,31
EXP000988,446765.33,1271283.47,145.29,29057.91,0.1200,0.0000,35,53
EXP000989,2608122.28,746956.26,61623.89,93369.53,0.1200,0.7243,17,13
EXP000990,93688.90,107936.52,690.79,17269.84,0.1200,-0.0933,12,32
EXP000991,2082351.27,1137626.59,9892.41,148386.08,0.1200,0.2741,5,71
EXP000992,2157207.20,1872575.70,293245.35,112354.54,0.1200,-0.0235,75,19
EXP000993,209768.56,83351.75,1944.87,20837.94,0.1200,0.5145,6,20
EXP000994,443193.30,440601.53,65312.70,77753.21,0.1200,-0.0934,42,4
EXP000995,3078639.03,583748.54,796943.66,76141.11,0.1200,0.4370,25,78
EXP000996,21895.49,31407.47,201.91,1346.03,0.1200,-0.1417,79,34
EXP000997,96531.14,108288.13,618.79,9281.84,0.1200,-0.1207,39,30
EXP000998,920837.63,578415.60,171789.43,41645.92,0.1200,0.0594,51,17
EXP000999,4193430.18,1913560.05,12301.46,82009.72,0.1200,0.6892,89,42
EXP001000,3174727.13,1301710.44,43390.35,72317.25,0.1200,0.0000,33,79
